MP ID,MP Name,Region Id,GL Code,GL Name,Parent ASIN,ASIN,Review Id,Review Title,Review Text,Review Rating,Brand,Submission Date,Last Updated DateTime,Week Number
1,1 - US,1,147,gl_pc,B0BCF8QYH4,B0B826KS4B,68039698701,"be sure to have a backup, because it's not reliable.","[update]:  reminder - they only expect it to work for a year, since the warranty is only 12 months.<br /><br />after 2 years of ownership:<br /><br />it died in year one (9 months) from new (unresponsive, blue light only).  I had to ship it back, it was replaced.  dealing with support to get an RMA was relatively easy.  I was without a camera for about 2 weeks from failure, contact, ship to them, inspect, return shipping.<br /><br />it died again, in year two (14 months after first replacement).  support has been _significantly worse_ to work with so far.  after 10 days of excessive hassle dealing with support, they.....declared it out of warranty.",1,,2025-04-22T16:33:26.000Z,2025-07-28T03:53:33.000Z,2025/4/19 00:00
1,1 - US,1,147,gl_pc,B0BCF8QYH4,B0B826KS4B,75473387661,Love this little webcam!,"Clever little thing! I love the true physical PTZ and the very high quality image of this little webcam. Good low-light performance too, since the lens & sensor are so good: low-light image doesn‚Äôt get all grainy, and the camera automatically increases or decreases the exposure level to adapt. (I believe it does this digitally: I don‚Äôt see the aperture changing in the physical lens when it happens)<br /><br />This is the one that screws to a tripod bolt (standard thread & size) or clips to the top of your monitor‚Äî this is NOT the InstaLink360 that goes on the end of a selfie stick. No battery in this one, no onboard data card, it must plug into your phone or laptop‚Äî but in that role, damn is it good.<br /><br />InstaLink does provide control software for it, but I haven‚Äôt had to download it yet: the AI-interpreted hand signals work fine for my purposes.",5,,2025-04-13T20:25:19.000Z,2025-08-22T09:43:38.000Z,2025/4/12 00:00
1,1 - US,1,147,gl_pc,B0BCF8QYH4,B0B826KS4B,75633307671,They guarantee their products,"My daughter purchased this for me, as I am a volunteer tutor who aids adults to pass their GED on line via my computer.  Even though it stopped working,  their tech representatives made it ease to send back at no charge and no quibble repairs made.  It‚Äôs a great camera that you can also use a whiteboard for presentations to students.  Buy this, you won‚Äôt be disappointed!",5,,2025-04-22T10:16:45.000Z,2025-08-01T09:51:36.000Z,2025/4/19 00:00
1,1 - US,1,147,gl_pc,B0BCF8QYH4,B0B826KS4B,75654803181,Bad company,Terrible company and terrible product. Company pushed an ota update that bricked the device and wants $120 to fix it,1,,2025-04-23T08:44:13.000Z,2025-08-17T03:44:37.000Z,2025/4/19 00:00
1,1 - US,1,147,gl_pc,B0BCF8QYH4,B0B826KS4B,75692846961,not up to snuff,"If you need this to work flawlessly, it won't",3,,2025-04-25T03:29:19.000Z,2025-08-24T16:16:56.000Z,2025/4/19 00:00
1,1 - US,1,147,gl_pc,B0BCF8QYH4,B0B826KS4B,75969902811,Great for groups and as a webcam,Super impressive. I use it for group meetings where I can manually trigger a saved spot in the room depending on who is speaking. Works great as a regular webcam with a nice big sensor. Price seems worth it for the tech. I put it on top of a selfie pole with a stand as it is light enough to not need a full tripod.,5,,2025-05-09T20:55:14.000Z,2025-08-03T21:09:52.000Z,2025/5/3 00:00
1,1 - US,1,147,gl_pc,B0BCF8QYH4,B0B826KS4B,75984716721,Very Good Webcam.,"This camera is extremly good.  It comes with a ton of features like face tracking and different modes for various need cases, including desktop display (showing something on your desk, not the computer desktop).  It folds up when not being used, so the lens is basically closed, and it has a green light around the base when active.  There are a lot of reviews online that go into detail, check them out if you really want a deep dive, but for my money, this is the best value short of a DSLR.",5,,2025-05-10T18:21:51.000Z,2025-07-17T14:59:30.000Z,2025/5/10 00:00
1,1 - US,1,147,gl_pc,B0BCF8QYH4,B0B826KS4B,76050417791,Wont work after a couple months.,"Camera is great when it works. Now it wont connect to my desktop and it wont download the updated driver. Tried it on my laptop and it work for about 2 weeks and now, again it wont connect to either of my computers.",1,,2025-05-14T00:00:28.000Z,2025-08-14T23:29:35.000Z,2025/5/10 00:00
1,1 - US,1,147,gl_pc,B0BCF8QYH4,B0B826KS4B,76089344611,Not worth the trouble. Terrible Software & Customer Service.,"Great product but the software is terrible, rarely works, and the customer service is the worst I have seen.",1,,2025-05-15T19:24:34.000Z,2025-08-12T23:46:03.000Z,2025/5/10 00:00
1,1 - US,1,147,gl_pc,B0BCF8QYH4,B0B826KS4B,76350689441,Unreliable and frequently fails to connect,"This camera is incredibly fussy about whether it will connect audio and video for Teams and Zoom calls.  In may instances it will be working and then turn itself off the minute I make a Teams call.  Answering a Teams call it may work if I have time to unplug it and then plug it back in before the call goes to VM.  The problem is so bad that work colleagues are insisting that I ditch this camera.  It's going in the trash can and I'm buying something else.  On the positive side, when it did decide to connect it worked  great in terms of tracking and the image quality was very good.",1,,2025-05-28T19:44:23.000Z,2025-08-06T23:30:03.000Z,2025/5/24 00:00
1,1 - US,1,147,gl_pc,B0BCF8QYH4,B0B826KS4B,76474809421,Gets you compliments,This camera is great! I use it almost daily and has great quality. I love the face tracking and that I can configure it to my stream deck.,5,,2025-06-03T19:18:27.000Z,2025-08-22T09:32:31.000Z,2025/5/31 00:00
1,1 - US,1,147,gl_pc,B0BCF8QYH4,B0B826KS4B,76785295171,Does the job as a webcam!,simply LOVE this little guy. keep thinking its a little robot but its not. im a fan of gadgets so as soon as i saw this thing online it intrigued me. it does the trick as a webcam for sure. great quality but i dont think i have a powerful enough machine to get all of the full experience out of it because it can do A LOT. the tracking feature is fun and helps out when filming or showing off stuff on camera. lol. Takes a loot of experimentation to understand just how it all works but thats half the fun i find in these type of gadgets and tech things!? lol. its very fun for what it is.¬†,3,,2025-06-18T17:12:41.000Z,2025-08-24T16:26:26.000Z,2025/6/14 00:00
1,1 - US,1,147,gl_pc,B0BCF8QYH4,B0B826KS4B,76793792671,It doesn't work with Apple's FaceTime software,"The product description says this webcam is compatible with Mac OS.  It also says that the webcam is ""Fully compatible with Zoom, Microsoft Teams, Google Meet, and more.""  Since all Macs are pre-loaded with FaceTime webchat software, you might assume from InstaLink's ads that, since the product is compatible with Mac OS, the camera just HAS TO be compatible with FaceTime.  (Remember the ""and more"" part of "". . . Zoom, Microsoft Teams, Google Meet, and more""?)  But if you assume this, you will be wrong.  I do note that the webcam works flawlessly on the Zoom platform.  But it is NOT compatible with FaceTime.  While the image your FaceTime chat buddy will get of you will be a nice one (but I did notice occasional image freezes during a typical chat session), the audio quality will not be acceptable.  The voice you transmit will be full of echo and other artifacts.  When the person you are calling tries to reply to you, he will hear his own voice in a slight delay.  Adjusting your audio output will not solve the problem.  According to InstaLink's technical support, ""Our team has confirmed that the Link 2 and Link 2C do not have built-in echo cancellation algorithms. Instead, they rely on the echo cancellation capabilities of the software being used, such as FaceTime.""  What this means is that unless you wear headphones while you chat, do not use FaceTime with this product.  Use Zoom.",3,,2025-06-18T21:31:15.000Z,2025-08-24T16:51:04.000Z,2025/6/14 00:00
1,1 - US,1,147,gl_pc,B0BCF8QYH4,B0B826KS4B,76858341811,great WebCam,pricey but worty. Best webcam I have so far,5,,2025-06-22T00:10:51.000Z,2025-08-24T16:08:16.000Z,2025/6/21 00:00
1,1 - US,1,147,gl_pc,B0BCF8QYH4,B0B826KS4B,77000004361,Best web cam Ive used,Great value-product,5,,2025-06-28T22:35:37.000Z,2025-08-24T16:05:24.000Z,2025/6/28 00:00
1,1 - US,1,147,gl_pc,B0BCF8QYH4,B0B826KS4B,77045074791,Good but complex,Getting it set up with the controller was so complex and then I didn't have a way to set it up with streaming on twitch or anything. Also when using the controller to record and take pics I can't find where that stuff went. The tracking is pretty good still has some sensitivity to work on but the tracking is still pretty good and the camera quality i love so while it has good features its just to complex to get working right its not a simple plug and use camera.,3,,2025-07-01T02:49:19.000Z,2025-08-24T16:25:15.000Z,2025/6/28 00:00
1,1 - US,1,147,gl_pc,B0BCF8QYH4,B0B826KS4B,77260230241,"Great product.  For a day or two, then it quits working.","When I first looked at this camera, I was one to say I NEED THAT IN MY LIFE.  To my disappointment, my excitement did not last long.  I do a lot of remote meetings, and as soon as the meetings start, the camera turns on, but immediately turns off, freezing my face and preventing me from doing presentations.  HUGE DISSAPOINTMENT.",1,,2025-07-15T19:00:59.000Z,2025-08-17T02:58:56.000Z,2025/7/12 00:00
1,1 - US,1,147,gl_pc,B0BCF8QYH4,B0B826KS4B,77446262001,Gets hot on my Mac,Heats up too much,1,,2025-07-19T21:30:00.000Z,2025-08-20T22:42:26.000Z,2025/7/19 00:00
1,1 - US,1,147,gl_pc,B0BCF8QYH4,B0B826KS4B,77560080851,"Great Little camera for macOS, Windows AND Linux!","This is a great little camera. I was stunned at its performance. Tested using Ubuntu Linux, macOS and Windows.<br /><br />For Linux users, there is no ""official"" app, but you can control it from OBS or using a free app called ""WebCamControl"" and available as a FlatPak.",5,,2025-07-24T20:17:22.000Z,2025-08-02T10:29:26.000Z,2025/7/19 00:00
1,1 - US,1,147,gl_pc,B0BCF8QYH4,B0B826KS4B,77995962391,Excelente,"Excelente producto, muy bueno, sus funciones son incre√≠bles, adem√°s puedo manejarlo desde mi celular como forma de control o configuraci√≥n, muy pr√°ctico",5,,2025-08-12T18:49:11.000Z,2025-08-24T16:04:44.000Z,2025/8/9 00:00
1,1 - US,1,147,gl_pc,B0BCF8QYH4,B0B826KS4B,78043050351,It WILL stop working,I can't get ANY of the AI features or gimball to work at all. Customer Service is pretty useless. They'll tell you to ship it to Hong Kong on your own dime. Waste of $300. Piece of trash now to be honest.,1,,2025-08-14T19:38:59.000Z,2025-08-16T14:56:13.000Z,2025/8/9 00:00
1,1 - US,1,147,gl_pc,B0BCF8QYH4,B0B826KS4B,78176275151,Awesome,Awesome,5,,2025-08-21T03:46:14.000Z,2025-08-24T16:45:10.000Z,2025/8/16 00:00
1,1 - US,1,147,gl_pc,B0BCF8QYH4,B0BB7N5Z97,78029139671,It's better than all the others in the price range. Better than the Elgato Facecam Mk2.,"For the price, you just can't beat it. I've only had it for one day, but I've put it through the paces and it's a tiny little beast. Picture quality is really great, even at 1080p60fps. It's damn near it's 2160p30fps quality. Almost can't tell the difference.<br />The auto AI face tracking is very well done.<br />I'll say it again, you can't beat this thing in this price range. I tried a couple others in the sub $130 price ranges, and they just didn't cut it. This is better than the Elgato Facecam Mk.2. Just get this one and be happy with your purchase.",5,,2025-08-14T04:35:51.000Z,2025-08-22T11:57:26.000Z,2025/8/9 00:00
1,1 - US,1,147,gl_pc,B0BCF8QYH4,B0C2CFW1QV,76671837061,Buena pero no tiene control remoto,"Es de una calidad superior, solo le falta tener control.",5,,2025-08-22T23:36:00.000Z,2025-08-24T16:55:51.000Z,2025/8/16 00:00
1,1 - US,1,147,gl_pc,B0BCF8QYH4,B0C2CFW1QV,78161828061,Stay Away,"I bought this for the picture quality, which is great, but the camera does not work with Teams and constantly loses connection in Zoom.  I would stay away from the product.  Even there customer service lost connection when I tried to contact them.",1,,2025-08-20T16:23:17.000Z,2025-08-22T08:21:59.000Z,2025/8/16 00:00
1,1 - US,1,421,gl_camera,B0DY1PP7XG,B0DDTG3LKN,78043274341,Tripod is not high enough.,The tripod only raises the camera 7.5 inches which is not high enough to be above the screen height of my laptop so I have to put it on top of some books to be high enough.,4,,2025-08-14T20:30:05.000Z,2025-08-21T23:26:32.000Z,2025/8/9 00:00
1,1 - US,1,421,gl_camera,B0DY1PP7XG,B0DDTGY8FG,77534467811,Buena calidad para reuniones,"Me gust√≥ mucho la calidad final, a pesar de las comparaciones con otros productos, estoy muy satisfecho con c√≥mo se ve en reuniones virtuales",5,,2025-07-23T17:26:33.000Z,2025-08-22T17:53:39.000Z,2025/7/19 00:00
1,1 - US,1,421,gl_camera,B0DY1PP7XG,B0DDTGY8FG,77570159971,High Quality and easy to use with zoom,It works perfectly well. Installation is super easy,5,,2025-07-25T02:42:35.000Z,2025-08-22T05:27:54.000Z,2025/7/19 00:00
1,1 - US,1,421,gl_camera,B0DY1PP7XG,B0DDTGY8FG,77589775601,5 estrellas,Me encant√≥!,5,,2025-07-26T02:55:10.000Z,2025-08-07T15:32:30.000Z,2025/7/26 00:00
1,1 - US,1,421,gl_camera,B0DY1PP7XG,B0DDTGY8FG,77590655471,This is the webcam to get,"I bought this webcam to use in making videos for YouTube.  The camera is well designed and well made. It has been flawless in setting up and in using. It takes video to a whole new level over a MacBook Pro webcam. The software works well for fine tuning if desired. I highly recommend this webcam. Buy it, you won‚Äôt regret it.",5,,2025-07-26T02:11:50.000Z,2025-08-23T11:50:54.000Z,2025/7/26 00:00
1,1 - US,1,421,gl_camera,B0DY1PP7XG,B0DDTGY8FG,77707424291,"Great quality, low distortion, sharp clear picture","I‚Äôm genuinely blown away by how good this camera is. From the high-quality construction to the crystal-clear video, it exceeded my expectations.<br />Here‚Äôs a quick breakdown:<br />Build Quality: Excellent ‚Äî solid, premium feel<br />Image Quality: Exceptional ‚Äî sharp, clear, bright<br />Image Distortion: This is where it really stands out. Most people don‚Äôt realize that the ultra-wide angles on typical webcams tend to distort the mid-face, pulling it forward and making people look odd on video calls. This camera strikes the perfect balance: wide enough to capture a full frame, but not so wide that it distorts your face. In short, you actually look like you on this camera ‚Äî more natural and accurate than others I‚Äôve tried.<br /><br />I‚Äôm very pleasantly surprised and highly impressed.",5,,2025-07-31T15:52:19.000Z,2025-08-03T17:47:31.000Z,2025/7/26 00:00
1,1 - US,1,421,gl_camera,B0DY1PP7XG,B0DDTGY8FG,77743791471,Great for dedicated streaming or people who wanna look their best in zoom meetings,"I‚Äôve been using this webcam for streaming and will soon be using it for zoom, and the ai tracking features are so helpful for keeping me in frame. It is 4k quality as advertised, and all you have to do to connect is plug and play. Easy 5 out of 5 here.",5,,2025-08-02T02:10:14.000Z,2025-08-24T08:32:26.000Z,2025/8/2 00:00
1,1 - US,1,421,gl_camera,B0DY1PP7XG,B0DDTGY8FG,77783298061,Camara,Buena imagen,5,,2025-08-03T21:15:26.000Z,2025-08-24T08:32:27.000Z,2025/8/2 00:00
1,1 - US,1,421,gl_camera,B0DY1PP7XG,B0DDTGY8FG,77818022471,Great picture and good audio quality so far...,"I have had about a half dozen different web cams before. Some expensive, some much less.  I've only had 2 video calls with it so far and the picture clarity is super good.  Didn't have any issues with the mic. The auto track is good but sometimes adjusts to frequently.  It seems I move a bit while on calls.  lol. Fortunately I can turn off the auto track. Sp far, it is a 5 star for me.",5,,2025-08-05T03:07:49.000Z,2025-08-22T05:31:14.000Z,2025/8/2 00:00
1,1 - US,1,421,gl_camera,B0DY1PP7XG,B0DDTGY8FG,77838744301,Excelente Webcam,Muy buena,5,,2025-08-06T00:25:10.000Z,2025-08-24T08:50:08.000Z,2025/8/2 00:00
1,1 - US,1,421,gl_camera,B0DY1PP7XG,B0DDTGY8FG,77883958181,Retorno en audio,"La calidad es muy buena, el audio tiene retorno permanente y no funciona correctamente, estoy pensando en regresarla<br /><br />UPDATE<br />I encountered a small issue that required a refund, I was very impressed by the way the customer experience team handled the situation. The support was fast, clear, and respectful, which made me feel valued as a customer.<br />What I appreciate most is how smooth the communication was ‚Äî every message was professional yet warm. This kind of service gives me full confidence to buy again in the future. I‚Äôm very satisfied with the attention I received and I look forward to exploring more Insta360 products soon.",4,,2025-08-07T22:31:00.000Z,2025-08-22T06:09:07.000Z,2025/8/2 00:00
1,1 - US,1,421,gl_camera,B0DY1PP7XG,B0DDTGY8FG,77885474001,Better than expected,"I work remotely and find that high quality conferencing equipment is worth it, but I've been putting off getting a better webcam since big review sites claim that there's not basically no difference between high-end equipment and the standard Logitech C922. Well, they're wrong and this is drastically better. I typically work in a reasonably bright room but with no direct light on my face, and the C922 would leave my face in shadow. I bought this camera and a ring light, but it turns out the ring light is unnecessary: I look completely normal and unshadowed on the InstaLink even without the ring light.<br /><br />Wish I had bought something like this years ago.",5,,2025-08-07T22:25:35.000Z,2025-08-24T08:27:38.000Z,2025/8/2 00:00
1,1 - US,1,421,gl_camera,B0DY1PP7XG,B0DDTGY8FG,77946294121,Very functional camera for the price,This is a very functional camera. We like the green screen capability and you can import your own background too.,5,,2025-08-10T18:57:15.000Z,2025-08-22T17:22:23.000Z,2025/8/9 00:00
1,1 - US,1,421,gl_camera,B0DY1PP7XG,B0DDTGY8FG,78024153681,"Wanted to love this, but‚Ä¶","Too many issues. Colors look washed out, and the virtual camera constantly fails‚Äîoften showing a black screen instead of the feed. Sometimes it works, sometimes it doesn‚Äôt. This feels very much like a software problem, and far from ‚Äúready to go.‚Äù<br /><br />As someone who‚Äôs been on a Mac for over 10 years, repeatedly uninstalling/reinstalling the software brought back memories of my old Windows troubleshooting days.<br /><br />There‚Äôs also an incredibly frustrating lag when recording 4K video. It got so bad that I now have to fix the timing in my editing software because nothing I tried could remove the lag.<br /><br />The best thing about this camera is the magnetic mount‚Äîit sits securely on top of my monitor‚Äîand the resolution can look good. But for a $150 camera with all the hype, I expected much more: a frictionless, plug-and-play experience, not hours wasted each week trying to get the virtual camera working (which is the only way to enable blurry background or bokeh effects).<br /><br />I‚Äôm returning this and will be looking at competitor products instead.",2,,2025-08-14T01:33:59.000Z,2025-08-15T19:52:14.000Z,2025/8/9 00:00
1,1 - US,1,421,gl_camera,B0DY1PP7XG,B0DDTGY8FG,78074636291,Great webcam for professionals and live streaming,"Great webcam, really good camera and image quality, appreciate the privacy feature of closing the camera cover (one of my buying pain points), it‚Äôs autofocus and following feature is CRAZY!<br /><br />The base is okay, it all depends on the thickness of your monitor‚Äôs border, but yiu can use a selfie stick with a base or a tripod to mount it on that and works.<br /><br />It‚Äôs a great value for the money because it also brings its own software where you customize the lighting, the limits of what people will see and you can adjust throughout your calls, a great function that physically can‚Äôt be seen, but for sure it ups the product‚Äôs value.",4,,2025-08-16T13:10:25.000Z,2025-08-20T00:37:29.000Z,2025/8/16 00:00
1,1 - US,1,421,gl_camera,B0DY1PP7XG,B0DDTGY8FG,78143442181,Wonderful upgrade from a webcam,"I love this camera.  It is so small and easy to set-up.  The app is intuitive!!  I love it, so does my producer.",5,,2025-08-19T18:49:02.000Z,2025-08-24T08:54:13.000Z,2025/8/16 00:00
1,1 - US,1,421,gl_camera,B0DY1PP7XG,B0DDTGY8FG,78187092401,Awesome value,"Beats my Logitech c930e by a mile. Motion is smoother, picture is a bit sharper and has less noise in it in low to medium lighting, it has a more versatile mount, more features, and even the mic is better. I don‚Äôt use the software much but it‚Äôs user friendly, also.<br /><br />Only minor complaint is that the included cable is a bit short for my setup. I ended buying a longer cable for it so I had more freedom with where to place it.<br /><br />For the price? This is the one.",5,,2025-08-21T18:47:50.000Z,2025-08-23T12:22:36.000Z,2025/8/16 00:00
1,1 - US,1,147,gl_pc,B0DHQHZ1BS,B0DDTH3HX8,75436859701,Too heavy,"Nice camera, but too heavy and bulky for a macbook pro. Kept tilting my screen back.",2,,2025-04-11T18:37:48.000Z,2025-07-16T14:00:23.000Z,2025/4/5 00:00
1,1 - US,1,147,gl_pc,B0DHQHZ1BS,B0DDTH3HX8,75459736931,OUTSTANDING quality!,"I tested five other cameras on top of this one, and NONE of them could even come close. The picture quality is outstanding and jam-packed with features that I'll never even use. If you want a webconferencing camera and are willing to pay more for it, this is the one you need. Don't even bother looking elsewhere - get this one. You won't regret it.",5,,2025-04-12T23:05:10.000Z,2025-08-11T06:02:32.000Z,2025/4/12 00:00
1,1 - US,1,147,gl_pc,B0DHQHZ1BS,B0DDTH3HX8,75481462511,absolutly awful!,"I debated between this and the Logitech Brio 4k.  They were the same cost but this one came out better for video quality and the ai tracking.  I should have gone with my gut and got the trusted Logitech cam vs this one.  Out of the box you are instructed to scan the QR code for setup - that produced nothing.  I went to their website and downloaded the software.  It was straightforward and seemed to work well until I went to update the default camera in Zoom and Teams.  OMG - 3 restarts, lowered the quality all the way down to 720 - still was making my high quality pc freeze.  Also I was disappointed this does not have the VOF adjustment that Logitech does.  I have spent hours messing with this but ultimately just filed for a return and ordered the Logitech camera.  Logitech may not have all the whistles and bells this camera has but at least it won't crash my computer.",1,,2025-04-14T03:09:38.000Z,2025-07-09T03:35:33.000Z,2025/4/12 00:00
1,1 - US,1,147,gl_pc,B0DHQHZ1BS,B0DDTH3HX8,75486104171,Doesn't work with ARM64 PCs but Awesome Customer Service,"The camera doesn't really work with ARM64 PCs. In addition, it only fully work with PCs (not sure about Macs) with Nvidia graphic cards. When I installed  the software, my internal and Insta360 stopped working. I ended up removing Insta360 software to get internal webcam working. I bought the webcam for the features of listed when compared to other webcams. I didn't see the limitations of the webcam listed with the features. I definitely will not buy this webcam again. For me, this is a paperweight until Insta360 updated the software and possibly firmware of the webcam.<br /><br />Update 7/16/2025:<br /><br />The company reached out to me confirming that the camera currently doesn't work with Windows ARM64 devices AND offered me a partial refund. I still love the features of the webcam. I'm anxiously awaiting the (hoping) it'll be updated to work with ARM64 devices, especially since all Macs use ARM64. I'm very impressed by the customer service and increased from 2 stars to 4 stars. I'll give 5 stars when the webcam works with Windows ARM64 devices. I highly recommend now for devices with Nvidia graphics. Hopefully, soon I can highly recommend for all devices.",4,,2025-04-14T15:54:12.000Z,2025-08-24T11:32:35.000Z,2025/4/12 00:00
1,1 - US,1,147,gl_pc,B0DHQHZ1BS,B0DDTH3HX8,75500403041,Unreliable hardware & clueless chaotic support,"[[VIDEOID:157b0f088c02494e6d66661ed85cf4e8]] The Insta360 Link 2 arrived defective, powering on, spinning, showing a red light, and failing. Over a week of technical support, including sending logs and videos, led to no resolution. Support was chaotic, with reps ignoring case history and asking me to do redundant steps already done and noted in the case history. Clearly they don‚Äôt read before firing off instructions. The lack of coordination and professionalism was poor. Learning their ‚ÄúAmerican Headquarters‚Äù is a shared workspace desk in Irvine, CA, further eroded trust. The product and support are utterly disappointing.",1,,2025-04-15T01:14:56.000Z,2025-08-22T17:02:14.000Z,2025/4/12 00:00
1,1 - US,1,147,gl_pc,B0DHQHZ1BS,B0DDTH3HX8,75525067901,Simply the best,insta always the best,5,,2025-04-16T08:10:09.000Z,2025-08-11T01:42:31.000Z,2025/4/12 00:00
1,1 - US,1,147,gl_pc,B0DHQHZ1BS,B0DDTH3HX8,75568878491,Best web cam you can get.,Awesome. Heads up it does not do white board mode when pointing down at your desk.,5,,2025-04-18T18:31:46.000Z,2025-08-11T01:00:10.000Z,2025/4/12 00:00
1,1 - US,1,147,gl_pc,B0DHQHZ1BS,B0DDTH3HX8,75694961921,As advertised and hyped by influencers,Great camera. Only the software takes a bit of getting used to but overall very satisfied with the quality.,5,,2025-04-25T12:31:17.000Z,2025-08-11T01:04:10.000Z,2025/4/19 00:00
1,1 - US,1,147,gl_pc,B0DHQHZ1BS,B0DDTH3HX8,75764909941,Terrible Customer Service,"The camera is ok -- just ok -- although it is temperamental.<br /><br />When there are problems, expect NOTHING by way of support from this company.  Their customer service is awful.",1,,2025-04-29T02:03:02.000Z,2025-08-22T05:49:56.000Z,2025/4/26 00:00
1,1 - US,1,147,gl_pc,B0DHQHZ1BS,B0DDTH3HX8,75806641721,Nice!,Great product. Works well!,5,,2025-05-01T10:23:28.000Z,2025-07-19T23:11:43.000Z,2025/4/26 00:00
1,1 - US,1,147,gl_pc,B0DHQHZ1BS,B0DDTH3HX8,75813301311,Awesome webcam,"Product as described, quick shipping.",5,,2025-05-01T17:41:07.000Z,2025-08-18T20:16:33.000Z,2025/4/26 00:00
1,1 - US,1,147,gl_pc,B0DHQHZ1BS,B0DDTH3HX8,75935518651,"Software not working, poor response from support","Returning. Most-recent software on my Windows 10 machine hung on ""Are you willing to assist us in improving the user experience?"" dialog box, and neither the Disagree or Agree buttons worked to clear the box. Repeatedly reinstalled and restarted, no change.<br /><br />Called customer support, and the rep asked me to email a screenshot and promised a 24-hour turnaround for a solution, most likely sooner. It's day three with no response, and I need a camera for work, so it's going back.",1,,2025-05-07T22:35:48.000Z,2025-08-18T19:47:30.000Z,2025/5/3 00:00
1,1 - US,1,147,gl_pc,B0DHQHZ1BS,B0DDTH3HX8,75959801251,It works yet no carrmg case/bag!,"The camera works well on the MacBook Pro; however, one drawback is the packaging. The box is excessively large, and once you open the camera and start using it, there isn‚Äôt a suitable way to carry it while protecting the moving parts and the lens. I was surprised that such a high-quality camera didn‚Äôt come with a case, like a pouch or bag, to help safeguard the rotating components.",3,,2025-05-09T04:43:12.000Z,2025-08-15T18:43:07.000Z,2025/5/3 00:00
1,1 - US,1,147,gl_pc,B0DHQHZ1BS,B0DDTH3HX8,76057439791,Way better than my Mac webcam,"For the price, it‚Äôs great.",5,,2025-05-14T04:15:06.000Z,2025-08-18T19:56:25.000Z,2025/5/10 00:00
1,1 - US,1,147,gl_pc,B0DHQHZ1BS,B0DDTH3HX8,76105572551,Calidad,Todo bien,5,,2025-05-16T18:59:44.000Z,2025-08-18T19:58:55.000Z,2025/5/10 00:00
1,1 - US,1,147,gl_pc,B0DHQHZ1BS,B0DDTH3HX8,76124382731,A GOOD webcam!,"Finally, a webcam that rivals my iPhone 13 Pro Max! I‚Äôm absolutely loving this cam",5,,2025-05-17T18:05:32.000Z,2025-08-18T20:07:54.000Z,2025/5/17 00:00
1,1 - US,1,147,gl_pc,B0DHQHZ1BS,B0DDTH3HX8,76180561021,Plugnplay AI incapable of missing the perfect shot,"Insta360 Link 2 is never out of frame or or of focus.<br />Nice packaging, ready in less than a minute, just plug it in. Compatible with Teams plugnplay (plugnplay chroma key for green screen! No OBS or third device!). Controller application not required but available with many custom options like presets, turning off hand gestures etc.",5,,2025-05-20T11:43:25.000Z,2025-08-22T05:56:53.000Z,2025/5/17 00:00
1,1 - US,1,147,gl_pc,B0DHQHZ1BS,B0DDTH3HX8,76200432451,Love this seller,Love it,5,,2025-05-21T05:55:20.000Z,2025-08-18T20:16:45.000Z,2025/5/17 00:00
1,1 - US,1,147,gl_pc,B0DHQHZ1BS,B0DDTH3HX8,76229365891,Insta360 Link 2: The Ultimate Web Cam,"The Insta360 Link 2 is an incredible device. I bought this even though my Apple Studio Display has a built-in Web Cam; however the video quality is subpar.  Another reason is that I use a BenQ Halo monitor lamp that covers the camera.<br /><br />FYI, I had to purchase the device in the link to mount it on the BenQ Halo. However, it‚Äôs not needed if you don‚Äôt use a monitor lamp. BenQ‚Äôs proprietary Webcam mount is out of stock with no date of re-stock.<br /><br /> https://www.amazon.com/JCWINY-Accessory-ScreenBar-Adjustable-Computer/dp/B0CQFSVW7N<br /><br />Back to the Insta360 Link 2. Setup is easy and straight forward. Great functionality. The size is appropriate for a Web Cam of this type with powered mechanisms inside. However, it's not overtly huge.<br /><br />The tracking feature is nice with three (3) levels of speed. However, most will remain seated in one position; but it will compensate for slight movements.  Auto focus is great to keep you looking pristine.<br /><br />4K video can introduce a bit of video noise for objects in the background. It can be lessened by reducing the frames per second down from 30fps to 25fps or 24fps. 1080p video is the sweet spot.<br /><br />Upon starting your computer, it will go through a calibration sequence of about 5 seconds with no video. A privacy lens is not needed when the camera is not in use as it returns to a downward facing position. Background choices are nice when your room is a bit unsightly; or you‚Äôd rather not have your audience know you‚Äôre in the bedroom or another area you‚Äôd rather not reveal.<br /><br />FYI, on my Mac Mini M4 I had to go into settings and activate ‚Äúcamera extensions‚Äù to use backgrounds as they are unavailable upon Initial install of the software. 24/7 tech support guided me through the activation process which I contacted at 1AM CST.  Another great reason to purchase the Insta360 Link 2.<br /><br />The Insta360 Link 2 is sightly expensive at $199_USD. However, if you‚Äôre looking for a Web Cam w",5,,2025-05-22T19:44:46.000Z,2025-08-22T14:24:07.000Z,2025/5/17 00:00
1,1 - US,1,147,gl_pc,B0DHQHZ1BS,B0DDTH3HX8,76229365891,Insta360 Link 2: The Ultimate Web Cam,"ith great video and audio (other features aside) you won‚Äôt be disappointed. I highly recommend this product. In fact, I ordered a second one for my other Apple Studio Display.",5,,2025-05-22T19:44:46.000Z,2025-08-22T14:24:07.000Z,2025/5/17 00:00
1,1 - US,1,147,gl_pc,B0DHQHZ1BS,B0DDTH3HX8,76238312121,"Awesome quality, cool features","For the price, this is a great webcam - by far the best I've used for video quality and color accuracy. No issues using with OBS Studio. I don't know about the microphone quality as I use a Rode Procaster and wireless lapel mics. I also have a Razor Kiyo Pro I use with my Elgato Prompter, but this Link 2 is nicer quality to my eye and has FAR better software. This is no replacement for a mirrorless or DSLR, but it is good for a professional looking meeting, especially when paired with something like an Elgato Key Light Mini or two.",5,,2025-05-23T02:10:42.000Z,2025-08-24T08:48:06.000Z,2025/5/17 00:00
1,1 - US,1,147,gl_pc,B0DHQHZ1BS,B0DDTH3HX8,76260976631,Plug and Play with no issues on MacOS,Was simply plug and play with no drivers or software required on a 2021 MacBook Pro running Sequoia 15.3.2 including the AI tracking. While not required I did install the desktop software in order to update the firmware and had no problems there either. Firmware update was just a couple clicks in the Insta360 Link Controller software with no issues what so ever. I don't doubt the reviews that claim they had issues are legit but I can say these issues do not exist on MacOS Sequoia when starting with a camera running firmware that is shipping as of May of 2025 and OBS for software.<br /><br />Video quality is as advertised and much better than the built in apple webcams (not that that sets the bar very high). The audio has some echo/reverb to it despite having acoustic treatments in the room. I will stick with my Shure SM7B for audio. The fit and finish of the camera feels high quality.<br /><br />I have only been using the camera for one day so cant say I wont bump into issues with extended use but first impressions are good.  I can ignore the audio quality since I had no intention of using the built in microphone.,5,,2025-05-24T05:23:28.000Z,2025-08-22T23:38:28.000Z,2025/5/24 00:00
1,1 - US,1,147,gl_pc,B0DHQHZ1BS,B0DDTH3HX8,76288041221,Great camera. Less than optimal software.,Excellent camera. Software on desktop is glitchy with clunky UI. But camera itself is awesome! Hopefully they improve the software soon.,4,,2025-05-25T20:34:08.000Z,2025-08-22T01:05:08.000Z,2025/5/24 00:00
1,1 - US,1,147,gl_pc,B0DHQHZ1BS,B0DDTH3HX8,76434519471,It's Great Camera!,"Excellent webcam. Autofocus is good, color accuracy is fine, durability is great, mountability is really good for a webcam. I streamed an entire cross country road trip with it, I currently use it as the main cam for my backyard bunny and birds streams, and it's a decent alternate view camera when I'm gaming. I've used Streamer.bot and Move Value Plugin in OBS to allow my Twitch chat to move the camera with their channel points. They can always check in on the cats whenever they want now. Connectivity is instant and the software is really decent. I finally used the DeskView function to stream fixing my GPU. It worked great. I would highly recommend this camera and am hopeful they hear our pleas to update the software so we can use multiple cameras with it. It's a niche thing that few people are going to want but those of us that do REALLY want that ability. Oh lastly it's SUPER durable. I have it mounted to a suction cup quarter inch mount on a window and the cats have knocked it off of there serval times already dropping it about 5 feet each time. It's held up like a champ. I looked at a ton of reviews between this and the Obsbot Tiny 2 and this just wins overall. Sure Obsbot has more filters but honestly they kind of suck. Just use 3rd party stuff for filters. I've had this thing since November 2024 and it's been awesome. I'd genuinely love to buy more of them and just get rid of my crappy Logitech cams altogether but much like Logitech there's still no support for multiples of the same model in the software. Would love to save some money and buy more if this camera but so far it's looking like I might have to step up to a big boy POE PTZ setup for multiple PTZ cameras. Still don't regret buying this thing. It's the perfect middle ground between webcam & actual surveillance PTZ cams.",5,,2025-06-01T22:35:35.000Z,2025-08-22T16:24:41.000Z,2025/5/31 00:00
1,1 - US,1,147,gl_pc,B0DHQHZ1BS,B0DDTH3HX8,76439802021,excelente,excelente,5,,2025-06-02T03:11:55.000Z,2025-08-23T12:40:35.000Z,2025/5/31 00:00
1,1 - US,1,147,gl_pc,B0DHQHZ1BS,B0DDTH3HX8,76550267031,Great Cam,Great AI tracking cam for Mac with a lot of features. Excellent easy-to-use software.,5,,2025-06-07T05:39:21.000Z,2025-08-18T19:49:02.000Z,2025/6/7 00:00
1,1 - US,1,147,gl_pc,B0DHQHZ1BS,B0DDTH3HX8,76575876311,"Received Defective Unit but after a month, they've made it right.","The saga of my new webcam has a happy ending.  Recommended by Wirecutter, I was very excited about the webcam and I bought the Link2 on April 14th. By April 29th--after 1 usage, I was trying to determine with the service chat folks why my webcam was malfunctioning. On May 13th, I went it in for repair. On May 29th, I was told it was shipped back after they replaced the motherboard of the webcam. To date, I have still not received the webcam and the tracking # hasn't moved from its point of origin. The repair department has had my webcam longer than I have and it should have been replaced rather than repaired  as it was defective when I bought it. The only good thing I can say is that while a long tedious process, the back and forth between their chat technicians was polite. But all I want is a working webcam. If I ever get it back, I'll update its ability to function.<br />UPDATE: Despite noting on the service ticket that they had replaced the motherboard, I'm happy to report that they sent me an entirely new working webcam. Additionally, their customer service followed up with me to ensure it was working. I've changed my rating and can now say that I'm a satisfied customer. I've changed my rating from 1 to 4 stars.",3,,2025-06-08T14:45:36.000Z,2025-06-18T02:29:44.000Z,2025/6/7 00:00
1,1 - US,1,147,gl_pc,B0DHQHZ1BS,B0DDTH3HX8,76601470171,.,"Great picture/video quality, but it creates a microphone delay.",4,,2025-06-09T18:50:10.000Z,2025-08-22T06:04:13.000Z,2025/6/7 00:00
1,1 - US,1,147,gl_pc,B0DHQHZ1BS,B0DDTH3HX8,76612443571,Quality and ease of use,I have already recommended this product to all my colleagues. The quality is amazing and I get asked about it all the time. I work for a software company and spend all day in zoom calls so this was a must.,5,,2025-06-10T01:44:59.000Z,2025-08-22T23:47:54.000Z,2025/6/7 00:00
1,1 - US,1,147,gl_pc,B0DHQHZ1BS,B0DDTH3HX8,76683418861,Unbelievable for whiteboard and diagrams,"This thing has been a gamechanger for me at work. So much so that one of our C-level execs saw it in action and ordered them for his whole staff.<br />If you have a lot of Teams/Zoom calls where you're working with diagrams, being able to just walk to your physical whiteboard without any fiddling or setup is GREAT. The snap-to-area around the whiteboard actually works great without having to even interact with the controller app. But the smart whiteboard setting also works exactly as advertised. My whiteboard is across the room at a 90-degree angle to my PC, and it fixes the angle skew just like in the advertisement video. Even if you don't have a whiteboard, the desk view is actually good enough that you can just use a paper notepad and pen. Its so convenient to just hit one button for the desk view and grab a pen/paper on a Teams/Zoom call.<br />Its been a while since I've been so happy with a tech purchase, but this one literally makes my life better every day.",5,,2025-06-13T15:04:56.000Z,2025-08-22T20:14:52.000Z,2025/6/7 00:00
1,1 - US,1,147,gl_pc,B0DHQHZ1BS,B0DDTH3HX8,76726296171,Broke within a week.,"Stopped working in less than a week. Customer service website it barely useable. The process to send it back for repair is slow. For what I paid for this, I would hope for better quality control.",1,,2025-06-15T20:22:18.000Z,2025-08-11T00:26:49.000Z,2025/6/14 00:00
1,1 - US,1,147,gl_pc,B0DHQHZ1BS,B0DDTH3HX8,76741035021,Great Functionality,Amazing quality. Very versatile for my needs,5,,2025-06-16T17:11:14.000Z,2025-08-21T06:54:13.000Z,2025/6/14 00:00
1,1 - US,1,147,gl_pc,B0DHQHZ1BS,B0DDTH3HX8,76786389701,Random noise and vibration,"It randomly vibrates and makes a buzzing sounds, causing the image to get blurry. I have only had for 2 months and have never used it. Only test it , I can‚Äôt imagine if try to stream with it<br /><br />I think it‚Äôs a little over priced",2,,2025-06-18T18:01:21.000Z,2025-07-16T13:40:14.000Z,2025/6/14 00:00
1,1 - US,1,147,gl_pc,B0DHQHZ1BS,B0DDTH3HX8,76804610071,Hilariously Smart...and a Little Too Observant,"The InstaLink 360 is a fantastic little gadget‚Äîcrisp video, smooth tracking, and a magical ability to make you look like a professional speaker in every meeting with zero effort. It‚Äôs basically my new favorite coworker.<br /><br />That said‚Ä¶ we need to talk about the hand gesture feature. As an Italian, I now live in fear that every expressive hand movement is triggering a full-blown cinematic tracking shot. I was explaining something with my usual flair, and the camera went rogue‚Äîzoomed in dramatically on the whiteboard, then whipped around and locked onto my dog like she was giving a TED Talk.<br /><br />It‚Äôs like having an overenthusiastic film student filming a spaghetti western: intense close-ups, spontaneous pans, and all the drama.<br /><br />Still, five stars. Just don‚Äôt blame the camera when your next Zoom turns into a Scorsese film. Mangia and motion at your own risk. üçùüé•",5,,2025-06-19T13:06:07.000Z,2025-08-21T23:47:44.000Z,2025/6/14 00:00
1,1 - US,1,147,gl_pc,B0DHQHZ1BS,B0DDTH3HX8,76817153141,Picture quality 100% but realignment makes it annoying,The picture quality is too notch but the negative is that the camera keeps resetting after use and I have to keep realigning it before a new use. Yes I turn off Ai tracking and tried with it on as I want my background to my right to be caught,4,,2025-06-20T01:43:03.000Z,2025-08-18T19:17:48.000Z,2025/6/14 00:00
1,1 - US,1,147,gl_pc,B0DHQHZ1BS,B0DDTH3HX8,76934898171,Closet to DSLR I've found,"I‚Äôve bought a couple of these now, one for me, one for a client and they‚Äôve both delivered exactly what we needed.<br /><br />The image quality is top-tier for a webcam. That 1/2"" sensor and HDR setup gets you really close to DSLR-level video without the setup headache. It‚Äôs not quite DSLR, but it‚Äôs the closest thing I‚Äôve seen in this category.<br /><br />AI tracking is smooth, audio‚Äôs crystal clear even in noisy spaces, and the autofocus just works. No lag, no blur. Plus, gesture controls and remote smartphone access? Total game-changer when you're presenting or producing on the fly.<br /><br />If you need a webcam that looks pro, sounds sharp, and feels built for modern streaming and calls and content creation, this is the one I keep recommending.",5,,2025-06-25T18:45:54.000Z,2025-08-22T20:10:13.000Z,2025/6/21 00:00
1,1 - US,1,147,gl_pc,B0DHQHZ1BS,B0DDTH3HX8,76954800991,Nice,"This camera is pretty sick. The only thing I wish is that they could make it so you could stream at the same quality on OBS as when you use it as a WebCam, I find it strange to be honest that the quality change is based on how you‚Äôre using it but whatever it‚Äôs still pretty nice and it‚Äôs pretty clean and it‚Äôs pretty smooth when it comes to it following you with it AI feature if it‚Äôs actually AI I don‚Äôt know but it‚Äôs cool",4,,2025-06-26T17:17:56.000Z,2025-08-24T09:36:12.000Z,2025/6/21 00:00
1,1 - US,1,147,gl_pc,B0DHQHZ1BS,B0DDTH3HX8,76969606781,SCAM,SCAM. Package was undeliverable and they refused to refund me. Do not buy from this seller.,1,,2025-06-27T11:59:37.000Z,2025-06-29T00:04:51.000Z,2025/6/21 00:00
1,1 - US,1,147,gl_pc,B0DHQHZ1BS,B0DDTH3HX8,76970346341,Camera is on & facing me when I did not turn it on.,"Works beautifully during conference (eg, Zoom) calls.  My criticism is that I see the camera on and recording me even when I have not started a webcam meeting or recording.  Is it spying on me?",4,,2025-06-27T13:40:38.000Z,2025-08-22T06:10:34.000Z,2025/6/21 00:00
1,1 - US,1,147,gl_pc,B0DHQHZ1BS,B0DDTH3HX8,76983892381,"La mejor, y mejor que obs","Buscas webcam, seguimiento y la mejor resolucion? No busque mas esta es la que necesitas no hay mas nada que pensar",5,,2025-06-28T02:52:11.000Z,2025-08-23T02:57:05.000Z,2025/6/28 00:00
1,1 - US,1,147,gl_pc,B0DHQHZ1BS,B0DDTH3HX8,77056327811,"You need it, massive upgrade",Excellent camera and a massive improvement instead of the laptop camera and features.,5,,2025-07-01T19:37:13.000Z,2025-08-22T22:19:55.000Z,2025/6/28 00:00
1,1 - US,1,147,gl_pc,B0DHQHZ1BS,B0DDTH3HX8,77060476201,Amazing camera,Very nice! Way better than the elgato for the same price.,5,,2025-07-01T20:49:57.000Z,2025-08-22T11:54:22.000Z,2025/6/28 00:00
1,1 - US,1,147,gl_pc,B0DHQHZ1BS,B0DDTH3HX8,77112762981,A+ High End 4K WebCam,"The quality looks really good with just the ceiling light, but looks even better with my desk lights on. It's a pretty slick looking device that works the way it was designed. The AI tracking works perfect and the software is easy to use. The magnet mount stays on top of my monitor with ease. It's the perfect webcam for the value, nice size and the autofocus is great as well.",5,,2025-07-04T13:35:12.000Z,2025-07-29T09:48:36.000Z,2025/6/28 00:00
1,1 - US,1,147,gl_pc,B0DHQHZ1BS,B0DDTH3HX8,77185085041,"""Dude your camera is so crispy!""","Works great on my Mac, coworkers keep commenting how sharp my footage is during calls.<br /><br />Follow feature works great although I wish it wouldn't turn back on if you adjust the position manually.",5,,2025-07-08T01:22:59.000Z,2025-08-20T21:40:34.000Z,2025/7/5 00:00
1,1 - US,1,147,gl_pc,B0DHQHZ1BS,B0DDTH3HX8,77195035511,Too many issues with Teams and USB Hub usage.,"This has all sorts of connection issues and doesn't get recognized by Microsoft Teams unless you use the one USB c port on your laptop. It doesn't have proper driver support to work well through USB and if you need multiple peripherals for your laptop or PC and have to use a usb hub this is pretty much worthless. Im sure it works well for all the streamers and their OBS software, but for work computers it's a definite NO GO.",2,,2025-07-08T15:27:19.000Z,2025-08-11T00:45:44.000Z,2025/7/5 00:00
1,1 - US,1,147,gl_pc,B0DHQHZ1BS,B0DDTH3HX8,77211617211,"Great camera quality, slightly annoying AI","I bought this because I wanted something better than my laptop webcam, and the quality is definitely there. The picture is super clear and I love the lighting adjustments, background filter, and how you can move the camera angle through the app. That part feels really modern and works well.<br /><br />That said, the instructions aren‚Äôt super beginner-friendly and some things took trial and error to figure out. The AI tracking doesn‚Äôt follow me smoothly if I move too far to the side, and it turns itself back on way too easily if I adjust the camera manually. The mic sounds really good if you‚Äôre sitting near your setup, but not great for moving around.<br /><br />Overall solid webcam with great features, just takes some getting used to.",4,,2025-07-09T11:55:11.000Z,2025-08-13T16:03:16.000Z,2025/7/5 00:00
1,1 - US,1,147,gl_pc,B0DHQHZ1BS,B0DDTH3HX8,77270370091,Bummer of a camera so far.,"[[VIDEOID:d1542d8712ce718d7eea1b36a842b032]] Lots of lagging with this camera about 20 minutes into my Zoom broadcast, I run online exercise classes. Video lags behind the live audio about 20 minutes in. I tried using my iPhone as webcam via Zoom and did not have the same issues. I bought another competitor's cam and will try that this week. Chatted with tech Insta360 support but haven't heard back as promised. Bummer. All this being said, it's possible that this isn't a camera issue and something else with my MacBook. But I've reinstalled the operating system and still experienced same. I think it's the camera. If I determine it's not the camera, I will delete this review. Posting review on 7/11/25",1,,2025-07-12T05:09:33.000Z,2025-07-14T07:19:53.000Z,2025/7/12 00:00
1,1 - US,1,147,gl_pc,B0DHQHZ1BS,B0DDTH3HX8,77308343641,Love it,"This thing is near DSLR levels in image quality, great performance in low light. Much better than my brio",5,,2025-07-14T00:21:49.000Z,2025-08-20T07:23:57.000Z,2025/7/12 00:00
1,1 - US,1,147,gl_pc,B0DHQHZ1BS,B0DDTH3HX8,77327473371,Meh,only turns on about 70% of the time. Constantly need to unplug and replug to make it work. When it does turn out the image is good and tracking works fine.,3,,2025-07-14T18:00:34.000Z,2025-08-11T00:42:42.000Z,2025/7/12 00:00
1,1 - US,1,147,gl_pc,B0DHQHZ1BS,B0DDTH3HX8,77330968091,DOA-only a useless ai bot available-phone line 4 support isnt in service...?,"1st one is DOA... support was non existent-a useless chatbot. no human available. The phone number listed on insta360's website is actually NOT IN SERVICE right now-during PST timezone work hours... got a not in service recording (3 times).  No human available. BOT wanted me to jump thru hoops filling out paperwork, going to a service center etc. Thank heavens for amazon-returning it (2 hours old lol) and have another replacing it on the way.<br /><br />I will update this if there is any change.  Oh, and good luck opting out of the bot email ""help""... no human available I guess... sigh.",1,,2025-07-14T21:21:58.000Z,2025-08-22T00:20:56.000Z,2025/7/12 00:00
1,1 - US,1,147,gl_pc,B0DHQHZ1BS,B0DDTH3HX8,77357122301,Great item,"The camera quality is excellent ‚Äî super clear and sharp. It was easy to set up, works perfectly, and I‚Äôm very happy with it. Definitely worth the price!",5,,2025-07-16T02:33:52.000Z,2025-08-22T00:24:20.000Z,2025/7/12 00:00
1,1 - US,1,147,gl_pc,B0DHQHZ1BS,B0DDTH3HX8,77429577871,My new baby,"Excelente. Solo la use para probarla pero hasta los momentos todo muy bien. El seguimiento por ia es divertido , y la app para controlar desde el tel√©fono muy f√°cil.",5,,2025-07-18T23:27:51.000Z,2025-08-21T06:42:25.000Z,2025/7/12 00:00
1,1 - US,1,147,gl_pc,B0DHQHZ1BS,B0DDTH3HX8,77469145771,Easy to use and amazing video quality!,Camera is great and amazing quality track functionality is great! Compatible with my Mac and looks great! Easy to setup!,5,,2025-07-21T00:12:30.000Z,2025-08-22T14:13:07.000Z,2025/7/19 00:00
1,1 - US,1,147,gl_pc,B0DHQHZ1BS,B0DDTH3HX8,77491444141,Good Camera,"I was genuinely impressed by how clear the camera was‚Äîit found and focused on me quickly right out of the box. Considering the price I paid, it was a solid performer. As someone new to cameras, I really appreciated how easy it was to use the included software. I even discovered I could set up a virtual greenscreen effect without needing any actual backdrop, which was a nice surprise. Great value for beginners!",5,,2025-07-21T23:54:19.000Z,2025-08-22T15:40:54.000Z,2025/7/19 00:00
1,1 - US,1,147,gl_pc,B0DHQHZ1BS,B0DDTH3HX8,77491453161,Easy to set up and good video quality,I had no trouble installing the camera and the microphone works well.,5,,2025-07-21T23:51:51.000Z,2025-08-20T07:15:32.000Z,2025/7/19 00:00
1,1 - US,1,147,gl_pc,B0DHQHZ1BS,B0DDTH3HX8,77539600871,Hopefully you don't want to use any added features,"The camera itself *might* be decent, but the program used to set it up is unusable. It has ""features"" like Background and Makeup effects, but as soon as you try to use them, the camera blacks out. Then it doesn't want to turn back on even after you've tried to disable those features. Requires unplugging the camera and restarting the computer just to get it back online. Called customer service and they have no idea what to do - no suggestions or troubleshooting. Super disappointing because I would probably love this camera if it did what it was supposed to do.",1,,2025-07-23T22:31:45.000Z,2025-08-14T23:01:53.000Z,2025/7/19 00:00
1,1 - US,1,147,gl_pc,B0DHQHZ1BS,B0DDTH3HX8,77551797501,Incre√≠ble resoluci√≥n 4k,"Qued√© fascinada con la calidad de la imagen y la resoluci√≥n, la quer√≠a por el seguimiento con IA y wowwwww es incre√≠ble, funciona perfecto y tiene muchas opciones de configuraci√≥n para poner blurred el fondo o aumentarle el zoom",5,,2025-07-24T13:31:16.000Z,2025-08-21T23:26:43.000Z,2025/7/19 00:00
1,1 - US,1,147,gl_pc,B0DHQHZ1BS,B0DDTH3HX8,77555170431,The best webcam ever,Excellent 100%,5,,2025-07-24T14:42:48.000Z,2025-08-23T11:53:47.000Z,2025/7/19 00:00
1,1 - US,1,147,gl_pc,B0DHQHZ1BS,B0DDTH3HX8,77598696751,The perfect camera,"Great c√°mara with a the right price. Although the shipping process took some extra days, the camera arrived perfect. 100% recommended. I used in the night with low light and the quality of the image is amazing.",5,,2025-07-26T18:47:12.000Z,2025-08-22T00:25:34.000Z,2025/7/26 00:00
1,1 - US,1,147,gl_pc,B0DHQHZ1BS,B0DDTH3HX8,77614153711,Amazing camera. Well worth the price!,Amazing webcam. Super clear picture with decent colors. The software is also amazing. It lets you choose various angles and other adjustments. It also lets you remotely control from your phone. Great camera and worth the price. I may have to buy another one for my home computer.,5,,2025-07-27T06:08:18.000Z,2025-08-21T23:50:01.000Z,2025/7/26 00:00
1,1 - US,1,147,gl_pc,B0DHQHZ1BS,B0DDTH3HX8,77631936111,Exceeds Expectations,I was surprised at how well this camera works. I was looking for a webcam for when I don‚Äôt have my laptop open and was hoping for something comparable to my MacBook webcam. This one works so much better and has so many ways to customize it for a more professional look.  It has exceeded my expectations and I look forward to using it more and more.,5,,2025-07-28T01:25:16.000Z,2025-08-22T21:07:22.000Z,2025/7/26 00:00
1,1 - US,1,147,gl_pc,B0DHQHZ1BS,B0DDTH3HX8,77642855611,Game Streaming is Amazing!,Love the qaulity. The AI Tracking is very good! Perfect for Live streaming for games!,5,,2025-07-28T17:36:37.000Z,2025-08-22T00:19:34.000Z,2025/7/26 00:00
1,1 - US,1,147,gl_pc,B0DHQHZ1BS,B0DDTH3HX8,77670531181,"Not actually the best quality, but the most versatile / foolproof.",Very versatile but looses out on quality to the obsbot. Its main advantage is it has the best focus.,4,,2025-07-29T20:47:10.000Z,2025-08-23T02:56:39.000Z,2025/7/26 00:00
1,1 - US,1,147,gl_pc,B0DHQHZ1BS,B0DDTH3HX8,77722388571,La mejor webcam que podes comprar,Nunca vi una web cam con tanta calidad. Incre√≠ble.,5,,2025-08-01T01:22:18.000Z,2025-08-21T08:34:18.000Z,2025/7/26 00:00
1,1 - US,1,147,gl_pc,B0DHQHZ1BS,B0DDTH3HX8,77753757201,I hope I haven't wasted my time and money on this,"Disappointed ‚Äî Feels Like a Beta Product, Not Ready for Prime Time<br /><br />I‚Äôve had the Insta360 Link2 for about three weeks now, and unfortunately, I‚Äôm frustrated with the experience.<br /><br />I bought it primarily for the AI tracking feature ‚Äî the idea of staying centered on video calls sounded great. After some research, the Link2 seemed like the best choice. But in practice, it falls short. For starters, I can‚Äôt use Microsoft Teams and the Link Controller app at the same time. This means I have no way to control the camera once I‚Äôm in a Teams call ‚Äî a huge limitation.<br /><br />When I do have the Controller app open, I try to focus the camera on me, maybe even ‚Äútrain‚Äù the AI to recognize my face. But after about a minute, the AI gets distracted and starts tracking my wall clock instead. I've contacted support and hope they can help, but so far, the tracking has been unreliable at best. If this isn‚Äôt resolved, I‚Äôll have to turn tracking off entirely and position the camera manually ‚Äî which defeats the purpose of buying this model.<br /><br />The hand gesture controls are a neat idea, but they rarely work. I‚Äôve uninstalled and reinstalled the software, updated everything (software and firmware), and still no luck.<br /><br />Occasionally, when I plug in the camera, the image appears flipped upside down. The only fix is manually toggling the Horizontal Correction tab.<br /><br />Bottom line: the Insta360 Link2 feels more like a beta release than a finished product. There‚Äôs potential here, but it‚Äôs not ready for dependable, everyday use ‚Äî especially for professionals relying on consistent performance in video calls.",3,,2025-08-02T16:49:02.000Z,2025-08-21T23:25:44.000Z,2025/8/2 00:00
1,1 - US,1,147,gl_pc,B0DHQHZ1BS,B0DDTH3HX8,77805169481,super,super lo mejor,5,,2025-08-04T19:51:07.000Z,2025-08-21T06:50:57.000Z,2025/8/2 00:00
1,1 - US,1,147,gl_pc,B0DHQHZ1BS,B0DDTH3HX8,77834250571,Sin palabras. Mejor üëç,Wow que bien c√°mara,5,,2025-08-05T19:24:31.000Z,2025-08-24T12:25:32.000Z,2025/8/2 00:00
1,1 - US,1,147,gl_pc,B0DHQHZ1BS,B0DDTH3HX8,77970307611,Muy contento con la compra,Excelente compra Calidad precio,5,,2025-08-11T21:25:29.000Z,2025-08-18T20:41:14.000Z,2025/8/9 00:00
1,1 - US,1,147,gl_pc,B0DHQHZ1BS,B0DDTH3HX8,78002794891,Great product,Great condition and quality!,5,,2025-08-13T04:13:59.000Z,2025-08-22T00:09:56.000Z,2025/8/9 00:00
1,1 - US,1,147,gl_pc,B0DHQHZ1BS,B0DDTH3HX8,78053925131,Excellent!,Outstanding webcam. Easy to install and to use. Bought two - one for work and one for home.,5,,2025-08-15T10:01:09.000Z,2025-08-21T23:26:35.000Z,2025/8/9 00:00
1,1 - US,1,147,gl_pc,B0DHQHZ1BS,B0DDTH3HX8,78079169831,Incre√≠ble!,"Cumpli√≥ altamente mis expectativas, es m√°s, las super√≥. Sin embargo, la transferencia de datos es abismal, conviene conectarlo directamente a un usb-c de la PC sin pasar por un hub.",5,,2025-08-16T18:18:09.000Z,2025-08-22T22:31:06.000Z,2025/8/16 00:00
1,1 - US,1,147,gl_pc,B0DHQHZ1BS,B0DDTH3HX8,78089959491,Not safe for live streaming,"I really wanted to love this. The picture quality is excellent. HOWEVER, the dongle to adjust the angle will freak out occasionally panning all the way up or down when you are just trying to adjust slightly. This is not only embarrassing but also DANGEROUS if you are live streaming. I wish it came with an actual remote instead of having to use my phone. It takes time to open my phone and ""reconnect"" before you are able to use it. This cameras glitches make it UNSAFE for live streaming.",1,,2025-08-17T03:10:52.000Z,2025-08-21T04:08:43.000Z,2025/8/16 00:00
1,1 - US,1,147,gl_pc,B0DHQHZ1BS,B0DDTH3HX8,78120613621,¬°Tecnolog√≠a del futuro en tu escritorio - IA que te sigue!,"Esta c√°mara web Insta360 Link 2 es absolutamente impresionante. La calidad 4K es cristalina y el seguimiento con IA funciona de manera incre√≠ble - me sigue perfectamente durante las videollamadas. El sensor de 1/2 pulgada captura colores vibrantes y el HDR hace que todo se vea profesional. El micr√≥fono con cancelaci√≥n de ruido AI es una caracter√≠stica sobresaliente - el audio es limpio y claro. El control de gestos es innovador y muy √∫til para transmisiones. La funci√≥n PTZ es suave y precisa. Para trabajo remoto, gaming y streaming es simplemente perfecta. Una inversi√≥n que vale completamente la pena. ¬°Muy recomendada!",5,,2025-08-18T17:44:04.000Z,2025-08-20T10:31:20.000Z,2025/8/16 00:00
1,1 - US,1,147,gl_pc,B0DHQHZ1BS,B0DDTH3HX8,78138043771,FINALLY a webcamera that is worth buying,"FINALLY. A webcam that is (almost) what we are looking for. Every other webcam I purchased I sent back because they all suffer the same problems. Absudly wide angle of view, poor picture quaality, digital (only) zoom. Why can't we have a quality camera for a webcam? This camera however is close to what we need and vertainly good enough. It is 4k with digital zoom but this time, cropping the image in (to counter the unnecessary wide angle) does NOT make the picture blurry. The colors from the sensor are good. The AI works (although unnecessary). Finally a webcamera that is worth buying. Finally!",5,,2025-08-19T14:27:32.000Z,2025-08-21T07:38:16.000Z,2025/8/16 00:00
1,1 - US,1,147,gl_pc,B0DHQHZ1BS,B0DDTH3HX8,78161207601,¬°Excelente la calidad!,"Sumamente satisfecho, cumple con mis expectativas, el sensor de seguimiento con IA es muy preciso, el autoenfoque es r√°pido y eficaz. Algo que aclarar es que no esperen la calidad de video de una c√°mara profesional, tiene una buena calidad, pero al final es una webcam. Si quieren grabar videos o hacer stream y verse como los grandes, lo mejor es adquirir una c√°mara profesional, pero para iniciar y para crear contenido est√° c√°mara es la ideal.",5,,2025-08-20T15:49:04.000Z,2025-08-22T09:14:50.000Z,2025/8/16 00:00
1,1 - US,1,147,gl_pc,B0DHQHZ1BS,B0DDTH3HX8,78174231331,Worth it,"[[VIDEOID:fc97a7303943efa83e3a4791ec913161]] It‚Äôs great, with the AI trace feature. Quality is very good",5,,2025-08-21T01:43:40.000Z,2025-08-23T05:38:03.000Z,2025/8/16 00:00
1,1 - US,1,147,gl_pc,B0DHQHZ1BS,B0DDTH3HX8,78192843961,Satisfecho con la c√°mara,"Muy buena c√°mara, cero problemas",5,,2025-08-21T23:04:15.000Z,2025-08-23T17:12:48.000Z,2025/8/16 00:00
1,1 - US,1,147,gl_pc,B0DHQHZ1BS,B0DDTH3HX8,78208952421,Don't buy for full price... 1 wk later it was 50 bucks off on another site,one week after I purchased this camera on Amazon it went on sale at sweetwater dot com for 50 dollars less. While I like the camera I can't help but feel ripped off.,2,,2025-08-22T20:49:45.000Z,2025-08-24T08:56:41.000Z,2025/8/16 00:00
1,1 - US,1,147,gl_pc,B0DHQHZ1BS,B0DDTJLMYN,77358904741,Fraudulent seller - please be aware - Product never received,Never received the product from the seller. This is fraudulent seller please be aware before buying,1,,2025-07-16T03:03:44.000Z,2025-07-17T15:09:31.000Z,2025/7/12 00:00
1,1 - US,1,147,gl_pc,B0DHQHZ1BS,B0DDTJLMYN,77547655671,Gift for tech guy,Wonderful gift! Recipient is very happy with it!,5,,2025-08-10T20:42:01.000Z,2025-08-22T00:55:04.000Z,2025/8/9 00:00
1,1 - US,1,147,gl_pc,B0DHQHZ1BS,B0DDTJLMYN,77647879021,Excelente calidad,[[VIDEOID:3a1c03a12dd22742eb81c4cbe6a3725d]] Excelente calidad,5,,2025-07-28T21:01:19.000Z,2025-08-01T13:01:48.000Z,2025/7/26 00:00
1,1 - US,1,147,gl_pc,B0DHQHZ1BS,B0DDTJLMYN,78186023041,La calidad del producto.,"El producto lleg√≥ en excelentes condiciones, lo volver√≠a a comprar.",5,,2025-08-21T17:48:56.000Z,2025-08-23T11:08:46.000Z,2025/8/16 00:00
1,1 - US,1,421,gl_camera,B0DY1PP7XG,B0DNK381B3,77581457271,Don't expect iPhone image quality.,"While this camera seems to be ok so far and is FAR superior to the HyperX Vision S, the image quality is middling.<br /><br />Pros:<br />*The autofocus speed is decent. It will take longer than you expect to focus on another object.<br /><br />*USB C connectivity is there and you're not limited to a permanent cord.<br /><br />*There is a shutter cover.<br /><br />*No issues with Teams or WebEx (though you are limited to 1080p).<br /><br />Cons:<br />It heats up quickly. Heat kills. In a small package without vents or heatsinks, it will degrade the components in short order. I'd recommend an extended warranty.<br /><br />The magnetic connection to its mount is not useful to me, as I use it connected to a tripod or solid mount and the possibility of it detaching and falling to the floor is high.<br /><br />The microphone sound quality is poor, but I use an external microphone for most things.<br /><br />My use case is 50% meetings and 50% recording a monitor / display that I am working on. The image quality when it's pointed at a screen is poor, no matter how far away or how well lit the area.<br /><br />If you just need a new webcam, it seems ok for $100. Above that, I'd consider other, newer options, as image quality might have improved.",3,,2025-07-25T19:24:49.000Z,2025-08-24T08:29:31.000Z,2025/7/19 00:00
